{"cameraMode":{"drawMode":0,"name":"Shaded","section":"Shading Mode"},"sceneLighting":false,"audioPlay":false,"sceneViewState":{"showFog":true,"showMaterialUpdate":false,"showSkybox":false,"showFlares":true,"showImageEffects":true,"showParticleSystems":true},"in2DMode":false,"pivot":{"x":-2.980232238769531e-7,"y":109.90139770507813,"z":1.2586381435394288},"rotation":{"x":0.31539294123649599,"y":-0.17931632697582246,"z":0.060819901525974277,"w":0.9298784732818604},"size":10.253390312194825,"orthographic":false}